{
	"info": {
		"_postman_id": "d045d574-0583-4170-adc6-261f908fc171",
		"name": "AreaManagers",
		"schema": "https://schema.getpostman.com/json/collection/v2.1.0/collection.json"
	},
	"item": [
		{
			"name": "GET /area-managers/search",
			"request": {
				"method": "GET",
				"header": [
					{
						"key": "Content-Type",
						"value": "application/x-www-form-urlencoded"
					}
				],
				"body": {
					"mode": "urlencoded",
					"urlencoded": [
						{
							"key": "user_id",
							"value": "",
							"description": "",
							"type": "text"
						},
						{
							"key": "hub_id",
							"value": "",
							"description": "",
							"type": "text"
						},
						{
							"key": "distribution_center_id",
							"value": "",
							"description": "",
							"type": "text"
						}
					]
				},
				"url": {
					"raw": "http://localhost:3000/v1/area-managers/search?",
					"protocol": "http",
					"host": [
						"localhost"
					],
					"port": "3000",
					"path": [
						"v1",
						"area-managers",
						"search"
					],
					"query": [
						{
							"key": "user_id",
							"value": "",
							"disabled": true
						},
						{
							"key": "hub_id",
							"value": null,
							"disabled": true
						},
						{
							"key": "distribution_center_id",
							"value": null,
							"disabled": true
						}
					]
				}
			},
			"response": []
		},
		{
			"name": "POST /area-managers/",
			"request": {
				"method": "POST",
				"header": [
					{
						"key": "Content-Type",
						"value": "application/x-www-form-urlencoded"
					}
				],
				"body": {
					"mode": "urlencoded",
					"urlencoded": [
						{
							"key": "user_id",
							"value": "",
							"description": "",
							"type": "text"
						},
						{
							"key": "hub_id",
							"value": "",
							"description": "",
							"type": "text"
						},
						{
							"key": "distribution_center_id",
							"value": "",
							"description": "",
							"type": "text"
						}
					]
				},
				"url": {
					"raw": "http://localhost:3000/v1/area-managers/?",
					"protocol": "http",
					"host": [
						"localhost"
					],
					"port": "3000",
					"path": [
						"v1",
						"area-managers",
						""
					],
					"query": [
						{
							"key": "user_id",
							"value": "1",
							"disabled": true
						}
					]
				}
			},
			"response": []
		},
		{
			"name": "GET /area-managers/",
			"request": {
				"method": "GET",
				"header": [
					{
						"key": "Content-Type",
						"value": "application/x-www-form-urlencoded"
					}
				],
				"body": {
					"mode": "urlencoded",
					"urlencoded": [
						{
							"key": "user_id",
							"value": "",
							"description": "",
							"type": "text"
						},
						{
							"key": "hub_id",
							"value": "",
							"description": "",
							"type": "text"
						},
						{
							"key": "distribution_center_id",
							"value": "",
							"description": "",
							"type": "text"
						}
					]
				},
				"url": {
					"raw": "http://localhost:3000/v1/area-managers/?",
					"protocol": "http",
					"host": [
						"localhost"
					],
					"port": "3000",
					"path": [
						"v1",
						"area-managers",
						""
					],
					"query": [
						{
							"key": "user_id",
							"value": "1",
							"disabled": true
						}
					]
				}
			},
			"response": []
		},
		{
			"name": "PUT /area-managers/:id",
			"request": {
				"method": "PUT",
				"header": [
					{
						"key": "Content-Type",
						"value": "application/x-www-form-urlencoded"
					}
				],
				"body": {
					"mode": "urlencoded",
					"urlencoded": [
						{
							"key": "user_id",
							"value": "",
							"description": "",
							"type": "text"
						},
						{
							"key": "hub_id",
							"value": "",
							"description": "",
							"type": "text"
						},
						{
							"key": "distribution_center_id",
							"value": "",
							"description": "",
							"type": "text"
						}
					]
				},
				"url": {
					"raw": "http://localhost:3000/v1/area-managers/?",
					"protocol": "http",
					"host": [
						"localhost"
					],
					"port": "3000",
					"path": [
						"v1",
						"area-managers",
						""
					],
					"query": [
						{
							"key": "user_id",
							"value": "1",
							"disabled": true
						}
					]
				}
			},
			"response": []
		},
		{
			"name": "GET /area-managers/:id",
			"request": {
				"method": "GET",
				"header": [
					{
						"key": "Content-Type",
						"value": "application/x-www-form-urlencoded"
					}
				],
				"body": {
					"mode": "urlencoded",
					"urlencoded": [
						{
							"key": "user_id",
							"value": "",
							"description": "",
							"type": "text"
						},
						{
							"key": "hub_id",
							"value": "",
							"description": "",
							"type": "text"
						},
						{
							"key": "distribution_center_id",
							"value": "",
							"description": "",
							"type": "text"
						}
					]
				},
				"url": {
					"raw": "http://localhost:3000/v1/area-managers/:id?",
					"protocol": "http",
					"host": [
						"localhost"
					],
					"port": "3000",
					"path": [
						"v1",
						"area-managers",
						":id"
					],
					"query": [
						{
							"key": "user_id",
							"value": "1",
							"disabled": true
						}
					],
					"variable": [
						{
							"key": "id",
							"value": ""
						}
					]
				}
			},
			"response": []
		},
		{
			"name": "POST /area-managers/:id/deactivate",
			"request": {
				"method": "POST",
				"header": [
					{
						"key": "Content-Type",
						"value": "application/x-www-form-urlencoded"
					}
				],
				"body": {},
				"url": {
					"raw": "http://localhost:3000/v1/area-managers/:id/deactivate?",
					"protocol": "http",
					"host": [
						"localhost"
					],
					"port": "3000",
					"path": [
						"v1",
						"area-managers",
						":id",
						"deactivate"
					],
					"query": [
						{
							"key": "user_id",
							"value": "1",
							"disabled": true
						}
					],
					"variable": [
						{
							"key": "id",
							"value": ""
						}
					]
				}
			},
			"response": []
		},
		{
			"name": "POST /area-managers/:id/reactivate",
			"request": {
				"method": "POST",
				"header": [
					{
						"key": "Content-Type",
						"value": "application/x-www-form-urlencoded"
					}
				],
				"body": {},
				"url": {
					"raw": "http://localhost:3000/v1/area-managers/:id/reactivate?",
					"protocol": "http",
					"host": [
						"localhost"
					],
					"port": "3000",
					"path": [
						"v1",
						"area-managers",
						":id",
						"reactivate"
					],
					"query": [
						{
							"key": "user_id",
							"value": "1",
							"disabled": true
						}
					],
					"variable": [
						{
							"key": "id",
							"value": ""
						}
					]
				}
			},
			"response": []
		}
	]
}