{
	"info": {
		"_postman_id": "534950a3-398e-4d7f-8e27-dc1768b42df0",
		"name": "Barangays",
		"schema": "https://schema.getpostman.com/json/collection/v2.1.0/collection.json"
	},
	"item": [
		{
			"name": "POST /barangays/:id/deactivate",
			"request": {
				"method": "POST",
				"header": [
					{
						"key": "Content-Type",
						"value": "application/x-www-form-urlencoded"
					}
				],
				"body": {
					"mode": "urlencoded",
					"urlencoded": [
						{
							"key": "id",
							"value": "",
							"description": "",
							"type": "text"
						},
						{
							"key": "district_id",
							"value": "",
							"description": "",
							"type": "text"
						},
						{
							"key": "sub_district_id",
							"value": "",
							"description": "",
							"type": "text"
						},
						{
							"key": "code",
							"value": "",
							"description": "",
							"type": "text"
						},
						{
							"key": "name",
							"value": "",
							"description": "",
							"type": "text"
						}
					]
				},
				"url": {
					"raw": "http://localhost:3000/v1/lookups/barangays/:id/deactivate",
					"protocol": "http",
					"host": [
						"localhost"
					],
					"port": "3000",
					"path": [
						"v1",
						"lookups",
						"barangays",
						":id",
						"deactivate"
					],
					"variable": [
						{
							"key": "id",
							"value": ""
						}
					]
				}
			},
			"response": []
		},
		{
			"name": "POST /barangays",
			"request": {
				"method": "POST",
				"header": [
					{
						"key": "Content-Type",
						"value": "application/x-www-form-urlencoded"
					}
				],
				"body": {
					"mode": "urlencoded",
					"urlencoded": [
						{
							"key": "district_id",
							"value": "",
							"description": "",
							"type": "text"
						},
						{
							"key": "sub_district_id",
							"value": "",
							"description": "",
							"type": "text"
						},
						{
							"key": "code",
							"value": "",
							"description": "",
							"type": "text"
						},
						{
							"key": "name",
							"value": "",
							"description": "",
							"type": "text"
						}
					]
				},
				"url": {
					"raw": "http://localhost:3000/v1/lookups/barangays/",
					"protocol": "http",
					"host": [
						"localhost"
					],
					"port": "3000",
					"path": [
						"v1",
						"lookups",
						"barangays",
						""
					]
				}
			},
			"response": []
		},
		{
			"name": "POST /barangays/:id/reactivate",
			"request": {
				"method": "POST",
				"header": [
					{
						"key": "Content-Type",
						"value": "application/x-www-form-urlencoded"
					}
				],
				"body": {},
				"url": {
					"raw": "http://localhost:3000/v1/lookups/barangays/:id/reactivate",
					"protocol": "http",
					"host": [
						"localhost"
					],
					"port": "3000",
					"path": [
						"v1",
						"lookups",
						"barangays",
						":id",
						"reactivate"
					],
					"variable": [
						{
							"key": "id",
							"value": ""
						}
					]
				},
				"description": "reactivate barangay"
			},
			"response": []
		},
		{
			"name": "PUT /barangays/:id",
			"request": {
				"method": "PUT",
				"header": [
					{
						"key": "Content-Type",
						"value": "application/x-www-form-urlencoded"
					}
				],
				"body": {
					"mode": "urlencoded",
					"urlencoded": [
						{
							"key": "id",
							"value": "",
							"description": "",
							"type": "text",
							"disabled": true
						},
						{
							"key": "district_id",
							"value": "",
							"description": "",
							"type": "text"
						},
						{
							"key": "sub_district_id",
							"value": "",
							"description": "",
							"type": "text"
						},
						{
							"key": "code",
							"value": "",
							"description": "",
							"type": "text"
						},
						{
							"key": "name",
							"value": "",
							"description": "",
							"type": "text"
						}
					]
				},
				"url": {
					"raw": "http://localhost:3000/v1/lookups/barangays/:id",
					"protocol": "http",
					"host": [
						"localhost"
					],
					"port": "3000",
					"path": [
						"v1",
						"lookups",
						"barangays",
						":id"
					],
					"variable": [
						{
							"key": "id",
							"value": ""
						}
					]
				},
				"description": "update barangay"
			},
			"response": []
		},
		{
			"name": "GET /barangays",
			"request": {
				"method": "GET",
				"header": [
					{
						"key": "Content-Type",
						"value": "application/x-www-form-urlencoded"
					}
				],
				"body": {
					"mode": "urlencoded",
					"urlencoded": [
						{
							"key": "id",
							"value": "",
							"description": "",
							"type": "text"
						},
						{
							"key": "district_id",
							"value": "",
							"description": "",
							"type": "text"
						},
						{
							"key": "sub_district_id",
							"value": "",
							"description": "",
							"type": "text"
						},
						{
							"key": "code",
							"value": "",
							"description": "",
							"type": "text"
						},
						{
							"key": "name",
							"value": "",
							"description": "",
							"type": "text"
						}
					]
				},
				"url": {
					"raw": "http://localhost:3000/v1/lookups/barangays/",
					"protocol": "http",
					"host": [
						"localhost"
					],
					"port": "3000",
					"path": [
						"v1",
						"lookups",
						"barangays",
						""
					]
				},
				"description": "find all barangays"
			},
			"response": []
		},
		{
			"name": "GET /barangays/search",
			"request": {
				"method": "GET",
				"header": [
					{
						"key": "Content-Type",
						"value": "application/x-www-form-urlencoded"
					}
				],
				"body": {},
				"url": {
					"raw": "http://localhost:3000/v1/lookups/barangays/search?",
					"protocol": "http",
					"host": [
						"localhost"
					],
					"port": "3000",
					"path": [
						"v1",
						"lookups",
						"barangays",
						"search"
					],
					"query": [
						{
							"key": "district_id",
							"value": null,
							"disabled": true
						},
						{
							"key": "sub_district_id",
							"value": null,
							"disabled": true
						},
						{
							"key": "code",
							"value": null,
							"disabled": true
						},
						{
							"key": "name",
							"value": null,
							"disabled": true
						}
					]
				}
			},
			"response": []
		},
		{
			"name": "GET /barangays/:id",
			"request": {
				"method": "GET",
				"header": [
					{
						"key": "Content-Type",
						"value": "application/x-www-form-urlencoded"
					}
				],
				"body": {
					"mode": "urlencoded",
					"urlencoded": [
						{
							"key": "id",
							"value": "",
							"description": "",
							"type": "text"
						},
						{
							"key": "district_id",
							"value": "",
							"description": "",
							"type": "text"
						},
						{
							"key": "sub_district_id",
							"value": "",
							"description": "",
							"type": "text"
						},
						{
							"key": "code",
							"value": "",
							"description": "",
							"type": "text"
						},
						{
							"key": "name",
							"value": "",
							"description": "",
							"type": "text"
						}
					]
				},
				"url": {
					"raw": "http://localhost:3000/v1/lookups/barangays/:id",
					"protocol": "http",
					"host": [
						"localhost"
					],
					"port": "3000",
					"path": [
						"v1",
						"lookups",
						"barangays",
						":id"
					],
					"variable": [
						{
							"key": "id",
							"value": ""
						}
					]
				}
			},
			"response": []
		}
	]
}