{
	"info": {
		"_postman_id": "517c843b-5baa-4ea9-9737-31e985208d0e",
		"name": "ClientServiceSchedule",
		"schema": "https://schema.getpostman.com/json/collection/v2.1.0/collection.json"
	},
	"item": [
		{
			"name": "POST /v1/lookups/clients/:id/schedules",
			"request": {
				"method": "POST",
				"header": [
					{
						"key": "Content-Type",
						"value": "application/x-www-form-urlencoded"
					}
				],
				"body": {
					"mode": "urlencoded",
					"urlencoded": [
						{
							"key": "pick_up_time",
							"value": "2018-11-03 01:05:12",
							"description": "",
							"type": "text"
						},
						{
							"key": "type",
							"value": "pickup",
							"description": "",
							"type": "text"
						}
					]
				},
				"url": {
					"raw": "http://localhost:3000/v1/lookups/clients/51c5a97b-db27-42b4-bf01-368ed13a473b/schedules",
					"protocol": "http",
					"host": [
						"localhost"
					],
					"port": "3000",
					"path": [
						"v1",
						"lookups",
						"clients",
						"51c5a97b-db27-42b4-bf01-368ed13a473b",
						"schedules"
					]
				}
			},
			"response": []
		},
		{
			"name": "GET /v1/lookups/clients/:id/schedules",
			"request": {
				"method": "GET",
				"header": [],
				"body": {},
				"url": {
					"raw": "http://localhost:3000/v1/lookups/clients/51c5a97b-db27-42b4-bf01-368ed13a473b/schedules",
					"protocol": "http",
					"host": [
						"localhost"
					],
					"port": "3000",
					"path": [
						"v1",
						"lookups",
						"clients",
						"51c5a97b-db27-42b4-bf01-368ed13a473b",
						"schedules"
					]
				}
			},
			"response": []
		},
		{
			"name": "/v1/lookups/schedules/:id",
			"request": {
				"method": "GET",
				"header": [],
				"body": {},
				"url": {
					"raw": "http://localhost:3000/v1/lookups/schedules/087effb8-64fe-45f6-8b42-eade85114b30",
					"protocol": "http",
					"host": [
						"localhost"
					],
					"port": "3000",
					"path": [
						"v1",
						"lookups",
						"schedules",
						"087effb8-64fe-45f6-8b42-eade85114b30"
					]
				}
			},
			"response": []
		},
		{
			"name": "PUT /v1/lookups/schedules/:id",
			"request": {
				"method": "PUT",
				"header": [
					{
						"key": "Content-Type",
						"value": "application/x-www-form-urlencoded"
					}
				],
				"body": {
					"mode": "urlencoded",
					"urlencoded": [
						{
							"key": "client_account_number",
							"value": "03ac6d72-e5e2-47ec-bc45-d419d0a728c9",
							"description": "",
							"type": "text"
						},
						{
							"key": "pick_up_time",
							"value": "2018-07-02 06:45:12",
							"description": "",
							"type": "text"
						},
						{
							"key": "type",
							"value": "pickup",
							"description": "",
							"type": "text"
						}
					]
				},
				"url": {
					"raw": "http://localhost:3000/v1/lookups/schedules/087effb8-64fe-45f6-8b42-eade85114b30",
					"protocol": "http",
					"host": [
						"localhost"
					],
					"port": "3000",
					"path": [
						"v1",
						"lookups",
						"schedules",
						"087effb8-64fe-45f6-8b42-eade85114b30"
					]
				}
			},
			"response": []
		},
		{
			"name": "DELETE /v1/lookups/schedules/:id",
			"request": {
				"method": "DELETE",
				"header": [],
				"body": {},
				"url": {
					"raw": "http://localhost:3000/v1/lookups/schedules/087effb8-64fe-45f6-8b42-eade85114b30",
					"protocol": "http",
					"host": [
						"localhost"
					],
					"port": "3000",
					"path": [
						"v1",
						"lookups",
						"schedules",
						"087effb8-64fe-45f6-8b42-eade85114b30"
					]
				}
			},
			"response": []
		}
	]
}