{
	"variables": [],
	"info": {
		"name": "Client",
		"_postman_id": "5a63d846-fadb-b1dd-9ddd-0bacb19bc5b3",
		"description": "",
		"schema": "https://schema.getpostman.com/json/collection/v2.0.0/collection.json"
	},
	"item": [
		{
			"name": "GET /clients",
			"request": {
				"url": "http://localhost:3000/v1/clients",
				"method": "GET",
				"header": [],
				"body": {},
				"description": ""
			},
			"response": []
		},
		{
			"name": "GET /clients/:id",
			"request": {
				"url": {
					"raw": "http://localhost:3000/v1/clients/:id",
					"protocol": "http",
					"host": [
						"localhost"
					],
					"port": "3000",
					"path": [
						"v1",
						"clients",
						":id"
					],
					"query": [],
					"variable": [
						{
							"key": "id",
							"value": ""
						}
					]
				},
				"method": "GET",
				"header": [],
				"body": {},
				"description": ""
			},
			"response": []
		},
		{
			"name": "POST /clients",
			"request": {
				"url": "http://localhost:3000/v1/clients",
				"method": "POST",
				"header": [
					{
						"key": "Content-Type",
						"value": "application/x-www-form-urlencoded",
						"description": ""
					}
				],
				"body": {
					"mode": "urlencoded",
					"urlencoded": [
						{
							"key": "pick_up_address",
							"value": "",
							"description": "",
							"type": "text"
						},
						{
							"key": "ftp_address",
							"value": "",
							"description": "",
							"type": "text"
						},
						{
							"key": "credit_term",
							"value": "",
							"description": "",
							"type": "text"
						},
						{
							"key": "mode_of_payment",
							"value": "",
							"description": "",
							"type": "text"
						},
						{
							"key": "user_id",
							"value": "",
							"description": "",
							"type": "text"
						}
					]
				},
				"description": ""
			},
			"response": []
		},
		{
			"name": "GET /clients/search",
			"request": {
				"url": {
					"raw": "http://localhost:3000/v1/clients/search?client_account_number&pick_up_address&ftp_address&credit_term&mode_of_payment&created&updated&deleted&user_id",
					"protocol": "http",
					"host": [
						"localhost"
					],
					"port": "3000",
					"path": [
						"v1",
						"clients",
						"search"
					],
					"query": [
						{
							"key": "client_account_number",
							"value": "",
							"equals": false,
							"description": ""
						},
						{
							"key": "pick_up_address",
							"value": "",
							"equals": false,
							"description": ""
						},
						{
							"key": "ftp_address",
							"value": "",
							"equals": false,
							"description": ""
						},
						{
							"key": "credit_term",
							"value": "",
							"equals": false,
							"description": ""
						},
						{
							"key": "mode_of_payment",
							"value": "",
							"equals": false,
							"description": ""
						},
						{
							"key": "created",
							"value": "",
							"equals": false,
							"description": ""
						},
						{
							"key": "updated",
							"value": "",
							"equals": false,
							"description": ""
						},
						{
							"key": "deleted",
							"value": "",
							"equals": false,
							"description": ""
						},
						{
							"key": "user_id",
							"value": "",
							"equals": false,
							"description": ""
						}
					],
					"variable": []
				},
				"method": "GET",
				"header": [],
				"body": {},
				"description": ""
			},
			"response": []
		},
		{
			"name": "PUT /clients/:id",
			"request": {
				"url": {
					"raw": "http://localhost:3000/v1/clients/:id",
					"protocol": "http",
					"host": [
						"localhost"
					],
					"port": "3000",
					"path": [
						"v1",
						"clients",
						":id"
					],
					"query": [],
					"variable": [
						{
							"key": "id",
							"value": ""
						}
					]
				},
				"method": "PUT",
				"header": [
					{
						"key": "Content-Type",
						"value": "application/x-www-form-urlencoded",
						"description": ""
					}
				],
				"body": {
					"mode": "urlencoded",
					"urlencoded": [
						{
							"key": "pick_up_address",
							"value": "",
							"description": "",
							"type": "text"
						},
						{
							"key": "ftp_address",
							"value": "",
							"description": "",
							"type": "text"
						},
						{
							"key": "credit_term",
							"value": "",
							"description": "",
							"type": "text"
						},
						{
							"key": "mode_of_payment",
							"value": "",
							"description": "",
							"type": "text"
						},
						{
							"key": "user_id",
							"value": "",
							"description": "",
							"type": "text"
						}
					]
				},
				"description": ""
			},
			"response": []
		},
		{
			"name": "POST /clients/deactivate",
			"request": {
				"url": {
					"raw": "http://localhost:3000/v1/clients/:id/deactivate",
					"protocol": "http",
					"host": [
						"localhost"
					],
					"port": "3000",
					"path": [
						"v1",
						"clients",
						":id",
						"deactivate"
					],
					"query": [],
					"variable": [
						{
							"key": "id",
							"value": ""
						}
					]
				},
				"method": "POST",
				"header": [],
				"body": {},
				"description": ""
			},
			"response": []
		},
		{
			"name": "POST /clients/:id/reactivate",
			"request": {
				"url": {
					"raw": "http://localhost:3000/v1/clients/:id/reactivate",
					"protocol": "http",
					"host": [
						"localhost"
					],
					"port": "3000",
					"path": [
						"v1",
						"clients",
						":id",
						"reactivate"
					],
					"query": [],
					"variable": [
						{
							"key": "id",
							"value": ""
						}
					]
				},
				"method": "POST",
				"header": [],
				"body": {},
				"description": ""
			},
			"response": []
		}
	]
}