{
	"info": {
		"_postman_id": "542a7944-d7ed-4605-a1b3-d40ce153b347",
		"name": "Dispatcher",
		"schema": "https://schema.getpostman.com/json/collection/v2.1.0/collection.json"
	},
	"item": [
		{
			"name": "POST /v1/dispatchers",
			"request": {
				"method": "POST",
				"header": [
					{
						"key": "Content-Type",
						"value": "application/x-www-form-urlencoded"
					}
				],
				"body": {
					"mode": "urlencoded",
					"urlencoded": [
						{
							"key": "user_id",
							"value": "",
							"description": "",
							"type": "text"
						},
						{
							"key": "hub_id",
							"value": "",
							"description": "",
							"type": "text"
						},
						{
							"key": "distribution_center_id",
							"value": "",
							"description": "",
							"type": "text"
						}
					]
				},
				"url": {
					"raw": "http://localhost:3000/v1/dispatchers/",
					"protocol": "http",
					"host": [
						"localhost"
					],
					"port": "3000",
					"path": [
						"v1",
						"dispatchers",
						""
					]
				}
			},
			"response": []
		},
		{
			"name": "PUT /v1/dispatchers/:id",
			"request": {
				"method": "PUT",
				"header": [
					{
						"key": "Content-Type",
						"value": "application/x-www-form-urlencoded"
					}
				],
				"body": {
					"mode": "urlencoded",
					"urlencoded": [
						{
							"key": "user_id",
							"value": "",
							"description": "",
							"type": "text"
						},
						{
							"key": "hub_id",
							"value": "",
							"description": "",
							"type": "text"
						},
						{
							"key": "distribution_center_id",
							"value": "",
							"description": "",
							"type": "text"
						}
					]
				},
				"url": {
					"raw": "http://localhost:3000/v1/dispatchers/:id",
					"protocol": "http",
					"host": [
						"localhost"
					],
					"port": "3000",
					"path": [
						"v1",
						"dispatchers",
						":id"
					],
					"variable": [
						{
							"key": "id",
							"value": ""
						}
					]
				}
			},
			"response": []
		},
		{
			"name": "GET /v1/dispatchers/search",
			"request": {
				"method": "GET",
				"header": [],
				"body": {},
				"url": {
					"raw": "http://localhost:3000/v1/dispatchers/search",
					"protocol": "http",
					"host": [
						"localhost"
					],
					"port": "3000",
					"path": [
						"v1",
						"dispatchers",
						"search"
					]
				}
			},
			"response": []
		},
		{
			"name": "GET /v1/dispatchers/",
			"request": {
				"method": "GET",
				"header": [],
				"body": {},
				"url": {
					"raw": "http://localhost:3000/v1/dispatchers/",
					"protocol": "http",
					"host": [
						"localhost"
					],
					"port": "3000",
					"path": [
						"v1",
						"dispatchers",
						""
					]
				}
			},
			"response": []
		},
		{
			"name": "POST /v1/dispatchers/:id/deactivate",
			"request": {
				"method": "POST",
				"header": [],
				"body": {},
				"url": {
					"raw": "http://localhost:3000/v1/dispatchers/:id/deactivate",
					"protocol": "http",
					"host": [
						"localhost"
					],
					"port": "3000",
					"path": [
						"v1",
						"dispatchers",
						":id",
						"deactivate"
					],
					"variable": [
						{
							"key": "id",
							"value": ""
						}
					]
				}
			},
			"response": []
		},
		{
			"name": "POST /v1/dispatchers/:id/reactivate",
			"request": {
				"method": "POST",
				"header": [],
				"body": {},
				"url": {
					"raw": "http://localhost:3000/v1/dispatchers/:id/reactivate",
					"protocol": "http",
					"host": [
						"localhost"
					],
					"port": "3000",
					"path": [
						"v1",
						"dispatchers",
						":id",
						"reactivate"
					],
					"variable": [
						{
							"key": "id",
							"value": ""
						}
					]
				}
			},
			"response": []
		},
		{
			"name": "GET /v1/dispatchers/:id",
			"request": {
				"method": "GET",
				"header": [],
				"body": {},
				"url": {
					"raw": "http://localhost:3000/v1/dispatchers/:id",
					"protocol": "http",
					"host": [
						"localhost"
					],
					"port": "3000",
					"path": [
						"v1",
						"dispatchers",
						":id"
					],
					"variable": [
						{
							"key": "id",
							"value": ""
						}
					]
				}
			},
			"response": []
		}
	]
}