{
	"variables": [],
	"info": {
		"name": "Hub",
		"_postman_id": "a05d44d6-0273-74ac-88f9-61453a635788",
		"description": "Routes for Hub",
		"schema": "https://schema.getpostman.com/json/collection/v2.0.0/collection.json"
	},
	"item": [
		{
			"name": "GET /hubs",
			"request": {
				"url": "http://localhost:3000/v1/hubs",
				"method": "GET",
				"header": [],
				"body": {},
				"description": ""
			},
			"response": []
		},
		{
			"name": "POST /hubs",
			"request": {
				"url": "http://localhost:3000/v1/hubs",
				"method": "POST",
				"header": [
					{
						"key": "Content-Type",
						"value": "application/x-www-form-urlencoded",
						"description": ""
					}
				],
				"body": {
					"mode": "urlencoded",
					"urlencoded": [
						{
							"key": "code",
							"value": "",
							"description": "",
							"type": "text"
						},
						{
							"key": "name",
							"value": "",
							"description": "",
							"type": "text"
						},
						{
							"key": "address",
							"value": "",
							"description": "",
							"type": "text"
						},
						{
							"key": "country",
							"value": "",
							"description": "",
							"type": "text"
						},
						{
							"key": "region",
							"value": "",
							"description": "",
							"type": "text"
						},
						{
							"key": "province",
							"value": "",
							"description": "",
							"type": "text"
						},
						{
							"key": "district",
							"value": "",
							"description": "",
							"type": "text"
						},
						{
							"key": "sub_district",
							"value": "",
							"description": "",
							"type": "text"
						}
					]
				},
				"description": ""
			},
			"response": []
		},
		{
			"name": "GET /hubs/:id",
			"request": {
				"url": {
					"raw": "http://localhost:3000/v1/hubs/:id",
					"protocol": "http",
					"host": [
						"localhost"
					],
					"port": "3000",
					"path": [
						"v1",
						"hubs",
						":id"
					],
					"query": [],
					"variable": [
						{
							"key": "id",
							"value": ""
						}
					]
				},
				"method": "GET",
				"header": [],
				"body": {},
				"description": ""
			},
			"response": []
		},
		{
			"name": "GET /hubs/search",
			"request": {
				"url": {
					"raw": "http://localhost:3000/v1/hubs/search?id&code&name&address&country&region&province&district&sub_district&created&updated&deleted",
					"protocol": "http",
					"host": [
						"localhost"
					],
					"port": "3000",
					"path": [
						"v1",
						"hubs"
					],
					"query": [
						{
							"key": "id",
							"value": "",
							"equals": false,
							"description": ""
						},
						{
							"key": "code",
							"value": "",
							"equals": false,
							"description": ""
						},
						{
							"key": "name",
							"value": "",
							"equals": false,
							"description": ""
						},
						{
							"key": "address",
							"value": "",
							"equals": false,
							"description": ""
						},
						{
							"key": "country",
							"value": "",
							"equals": false,
							"description": ""
						},
						{
							"key": "region",
							"value": "",
							"equals": false,
							"description": ""
						},
						{
							"key": "province",
							"value": "",
							"equals": false,
							"description": ""
						},
						{
							"key": "district",
							"value": "",
							"equals": false,
							"description": ""
						},
						{
							"key": "sub_district",
							"value": "",
							"equals": false,
							"description": ""
						},
						{
							"key": "created",
							"value": "",
							"equals": false,
							"description": ""
						},
						{
							"key": "updated",
							"value": "",
							"equals": false,
							"description": ""
						},
						{
							"key": "deleted",
							"value": "",
							"equals": false,
							"description": ""
						}
					],
					"variable": []
				},
				"method": "GET",
				"header": [],
				"body": {},
				"description": ""
			},
			"response": []
		},
		{
			"name": "PUT /hubs/:id",
			"request": {
				"url": {
					"raw": "http://localhost:3000/v1/hubs/:id",
					"protocol": "http",
					"host": [
						"localhost"
					],
					"port": "3000",
					"path": [
						"v1",
						"hubs",
						":id"
					],
					"query": [],
					"variable": [
						{
							"key": "id",
							"value": ""
						}
					]
				},
				"method": "PUT",
				"header": [
					{
						"key": "Content-Type",
						"value": "application/x-www-form-urlencoded",
						"description": ""
					}
				],
				"body": {
					"mode": "urlencoded",
					"urlencoded": [
						{
							"key": "code",
							"value": "",
							"description": "",
							"type": "text"
						},
						{
							"key": "name",
							"value": "",
							"description": "",
							"type": "text"
						},
						{
							"key": "address",
							"value": "",
							"description": "",
							"type": "text"
						},
						{
							"key": "country",
							"value": "",
							"description": "",
							"type": "text"
						},
						{
							"key": "region",
							"value": "",
							"description": "",
							"type": "text"
						},
						{
							"key": "province",
							"value": "",
							"description": "",
							"type": "text"
						},
						{
							"key": "district",
							"value": "",
							"description": "",
							"type": "text"
						},
						{
							"key": "sub_district",
							"value": "",
							"description": "",
							"type": "text"
						}
					]
				},
				"description": ""
			},
			"response": []
		},
		{
			"name": "POST /hubs/:id/deactivate",
			"request": {
				"url": {
					"raw": "http://localhost:3000/v1/hubs/:id/deactivate",
					"protocol": "http",
					"host": [
						"localhost"
					],
					"port": "3000",
					"path": [
						"v1",
						"hubs",
						":id",
						"deactivate"
					],
					"query": [],
					"variable": [
						{
							"key": "id",
							"value": ""
						}
					]
				},
				"method": "POST",
				"header": [],
				"body": {},
				"description": ""
			},
			"response": []
		},
		{
			"name": "POST /hubs/:id/reactivate",
			"request": {
				"url": {
					"raw": "http://localhost:3000/v1/hubs/:id/reactivate",
					"protocol": "http",
					"host": [
						"localhost"
					],
					"port": "3000",
					"path": [
						"v1",
						"hubs",
						":id",
						"reactivate"
					],
					"query": [],
					"variable": [
						{
							"key": "id",
							"value": ""
						}
					]
				},
				"method": "POST",
				"header": [],
				"body": {},
				"description": ""
			},
			"response": []
		}
	]
}
