{
	"info": {
		"_postman_id": "adb2e0f4-580b-4083-a671-69194b30b330",
		"name": "Inbound Officers",
		"schema": "https://schema.getpostman.com/json/collection/v2.1.0/collection.json"
	},
	"item": [
		{
			"name": "POST /inbound-officers/",
			"request": {
				"method": "POST",
				"header": [
					{
						"key": "Content-Type",
						"value": "application/x-www-form-urlencoded"
					}
				],
				"body": {
					"mode": "urlencoded",
					"urlencoded": [
						{
							"key": "user_id",
							"value": "",
							"description": "",
							"type": "text"
						},
						{
							"key": "hub_id",
							"value": "",
							"description": "",
							"type": "text"
						},
						{
							"key": "distribution_center_id",
							"value": "",
							"description": "",
							"type": "text"
						}
					]
				},
				"url": {
					"raw": "http://localhost:3000/v1/inbound-officers/?",
					"protocol": "http",
					"host": [
						"localhost"
					],
					"port": "3000",
					"path": [
						"v1",
						"inbound-officers",
						""
					],
					"query": [
						{
							"key": "user_id",
							"value": "1",
							"disabled": true
						}
					]
				}
			},
			"response": []
		},
		{
			"name": "GET /inbound-officers/",
			"request": {
				"method": "GET",
				"header": [
					{
						"key": "Content-Type",
						"value": "application/x-www-form-urlencoded"
					}
				],
				"body": {
					"mode": "urlencoded",
					"urlencoded": [
						{
							"key": "user_id",
							"value": "",
							"description": "",
							"type": "text"
						},
						{
							"key": "hub_id",
							"value": "",
							"description": "",
							"type": "text"
						},
						{
							"key": "distribution_center_id",
							"value": "",
							"description": "",
							"type": "text"
						}
					]
				},
				"url": {
					"raw": "http://localhost:3000/v1/inbound-officers/?",
					"protocol": "http",
					"host": [
						"localhost"
					],
					"port": "3000",
					"path": [
						"v1",
						"inbound-officers",
						""
					],
					"query": [
						{
							"key": "user_id",
							"value": "1",
							"disabled": true
						}
					]
				}
			},
			"response": []
		},
		{
			"name": "PUT /inbound-officers/:id",
			"request": {
				"method": "PUT",
				"header": [
					{
						"key": "Content-Type",
						"value": "application/x-www-form-urlencoded"
					}
				],
				"body": {
					"mode": "urlencoded",
					"urlencoded": [
						{
							"key": "user_id",
							"value": "",
							"description": "",
							"type": "text"
						},
						{
							"key": "hub_id",
							"value": "",
							"description": "",
							"type": "text"
						},
						{
							"key": "distribution_center_id",
							"value": "",
							"description": "",
							"type": "text"
						}
					]
				},
				"url": {
					"raw": "http://localhost:3000/v1/inbound-officers/:id?",
					"protocol": "http",
					"host": [
						"localhost"
					],
					"port": "3000",
					"path": [
						"v1",
						"inbound-officers",
						":id"
					],
					"query": [
						{
							"key": "user_id",
							"value": "1",
							"disabled": true
						}
					],
					"variable": [
						{
							"key": "id",
							"value": ""
						}
					]
				}
			},
			"response": []
		},
		{
			"name": "GET /inbound-officers/search",
			"request": {
				"method": "GET",
				"header": [
					{
						"key": "Content-Type",
						"value": "application/x-www-form-urlencoded"
					}
				],
				"body": {
					"mode": "urlencoded",
					"urlencoded": [
						{
							"key": "user_id",
							"value": "",
							"description": "",
							"type": "text"
						},
						{
							"key": "hub_id",
							"value": "",
							"description": "",
							"type": "text"
						},
						{
							"key": "distribution_center_id",
							"value": "",
							"description": "",
							"type": "text"
						}
					]
				},
				"url": {
					"raw": "http://localhost:3000/v1/inbound-officers/search?",
					"protocol": "http",
					"host": [
						"localhost"
					],
					"port": "3000",
					"path": [
						"v1",
						"inbound-officers",
						"search"
					],
					"query": [
						{
							"key": "user_id",
							"value": "",
							"disabled": true
						},
						{
							"key": "hub_id",
							"value": null,
							"disabled": true
						},
						{
							"key": "distribution_center_id",
							"value": null,
							"disabled": true
						}
					]
				}
			},
			"response": []
		},
		{
			"name": "POST /inbound-officers/:id/deactivate",
			"request": {
				"method": "POST",
				"header": [
					{
						"key": "Content-Type",
						"value": "application/x-www-form-urlencoded"
					}
				],
				"body": {},
				"url": {
					"raw": "http://localhost:3000/v1/inbound-officers/:id/deactivate?",
					"protocol": "http",
					"host": [
						"localhost"
					],
					"port": "3000",
					"path": [
						"v1",
						"inbound-officers",
						":id",
						"deactivate"
					],
					"query": [
						{
							"key": "user_id",
							"value": "1",
							"disabled": true
						}
					],
					"variable": [
						{
							"key": "id",
							"value": ""
						}
					]
				}
			},
			"response": []
		},
		{
			"name": "POST /inbound-officers/:id/reactivate",
			"request": {
				"method": "POST",
				"header": [
					{
						"key": "Content-Type",
						"value": "application/x-www-form-urlencoded"
					}
				],
				"body": {},
				"url": {
					"raw": "http://localhost:3000/v1/inbound-officers/:id/deactivate?",
					"protocol": "http",
					"host": [
						"localhost"
					],
					"port": "3000",
					"path": [
						"v1",
						"inbound-officers",
						":id",
						"deactivate"
					],
					"query": [
						{
							"key": "user_id",
							"value": "1",
							"disabled": true
						}
					],
					"variable": [
						{
							"key": "id",
							"value": ""
						}
					]
				}
			},
			"response": []
		},
		{
			"name": "GET /inbound-officers/:id",
			"request": {
				"method": "GET",
				"header": [
					{
						"key": "Content-Type",
						"value": "application/x-www-form-urlencoded"
					}
				],
				"body": {
					"mode": "urlencoded",
					"urlencoded": [
						{
							"key": "user_id",
							"value": "1",
							"description": "",
							"type": "text"
						},
						{
							"key": "hub_id",
							"value": "c8547483-d5f0-4714-959c-67bed9473c2f",
							"description": "",
							"type": "text"
						},
						{
							"key": "distribution_center_id",
							"value": "dda5c402-b8eb-4710-9a71-7fdc31fc8147",
							"description": "",
							"type": "text"
						}
					]
				},
				"url": {
					"raw": "http://localhost:3000/v1/inbound-officers/:id",
					"protocol": "http",
					"host": [
						"localhost"
					],
					"port": "3000",
					"path": [
						"v1",
						"inbound-officers",
						":id"
					],
					"variable": [
						{
							"key": "id",
							"value": ""
						}
					]
				},
				"description": "\t\t"
			},
			"response": []
		}
	]
}