{
	"info": {
		"_postman_id": "591470fb-8d4b-4fe9-8f3e-c9451b7b0ca7",
		"name": "Price",
		"schema": "https://schema.getpostman.com/json/collection/v2.1.0/collection.json"
	},
	"item": [
		{
			"name": "GET /v1/lookups/prices/",
			"request": {
				"method": "GET",
				"header": [],
				"body": {},
				"url": {
					"raw": "http://localhost:3000/v1/lookups/prices/",
					"protocol": "http",
					"host": [
						"localhost"
					],
					"port": "3000",
					"path": [
						"v1",
						"lookups",
						"prices",
						""
					]
				}
			},
			"response": []
		},
		{
			"name": "POST /v1/lookups/prices/",
			"request": {
				"method": "POST",
				"header": [
					{
						"key": "Content-Type",
						"value": "application/x-www-form-urlencoded"
					}
				],
				"body": {
					"mode": "urlencoded",
					"urlencoded": [
						{
							"key": "client_account_number",
							"value": "",
							"description": "",
							"type": "text"
						},
						{
							"key": "package_type",
							"value": "",
							"description": "",
							"type": "text"
						},
						{
							"key": "destination",
							"value": "",
							"description": "",
							"type": "text"
						},
						{
							"key": "origin",
							"value": "",
							"description": "",
							"type": "text"
						},
						{
							"key": "price",
							"value": "",
							"description": "",
							"type": "text"
						}
					]
				},
				"url": {
					"raw": "http://localhost:3000/v1/lookups/prices/",
					"protocol": "http",
					"host": [
						"localhost"
					],
					"port": "3000",
					"path": [
						"v1",
						"lookups",
						"prices",
						""
					]
				}
			},
			"response": []
		},
		{
			"name": "GET /v1/lookups/prices/:id",
			"request": {
				"method": "GET",
				"header": [],
				"body": {},
				"url": {
					"raw": "http://localhost:3000/v1/lookups/prices/197bd4d3-f39d-49ad-9a47-fac4ae13fc30",
					"protocol": "http",
					"host": [
						"localhost"
					],
					"port": "3000",
					"path": [
						"v1",
						"lookups",
						"prices",
						"197bd4d3-f39d-49ad-9a47-fac4ae13fc30"
					]
				}
			},
			"response": []
		},
		{
			"name": "PUT /v1/lookups/prices/:id",
			"request": {
				"method": "PUT",
				"header": [
					{
						"key": "Content-Type",
						"value": "application/x-www-form-urlencoded"
					}
				],
				"body": {
					"mode": "urlencoded",
					"urlencoded": [
						{
							"key": "client_account_number",
							"value": "",
							"description": "",
							"type": "text"
						},
						{
							"key": "package_type",
							"value": "",
							"description": "",
							"type": "text"
						},
						{
							"key": "destination",
							"value": "",
							"description": "",
							"type": "text"
						},
						{
							"key": "origin",
							"value": "",
							"description": "",
							"type": "text"
						},
						{
							"key": "price",
							"value": "",
							"description": "",
							"type": "text"
						}
					]
				},
				"url": {
					"raw": "http://localhost:3000/v1/lookups/prices/197bd4d3-f39d-49ad-9a47-fac4ae13fc30",
					"protocol": "http",
					"host": [
						"localhost"
					],
					"port": "3000",
					"path": [
						"v1",
						"lookups",
						"prices",
						"197bd4d3-f39d-49ad-9a47-fac4ae13fc30"
					]
				}
			},
			"response": []
		},
		{
			"name": "POST /v1/lookups/prices/:id/deactivate",
			"request": {
				"method": "POST",
				"header": [],
				"body": {},
				"url": {
					"raw": "http://localhost:3000/v1/lookups/prices/197bd4d3-f39d-49ad-9a47-fac4ae13fc30/deactivate",
					"protocol": "http",
					"host": [
						"localhost"
					],
					"port": "3000",
					"path": [
						"v1",
						"lookups",
						"prices",
						"197bd4d3-f39d-49ad-9a47-fac4ae13fc30",
						"deactivate"
					]
				}
			},
			"response": []
		},
		{
			"name": "POST /v1/lookups/prices/:id/reactivate",
			"request": {
				"method": "POST",
				"header": [],
				"body": {},
				"url": {
					"raw": "http://localhost:3000/v1/lookups/prices/197bd4d3-f39d-49ad-9a47-fac4ae13fc30/reactivate",
					"protocol": "http",
					"host": [
						"localhost"
					],
					"port": "3000",
					"path": [
						"v1",
						"lookups",
						"prices",
						"197bd4d3-f39d-49ad-9a47-fac4ae13fc30",
						"reactivate"
					]
				}
			},
			"response": []
		}
	]
}