{
	"info": {
		"_postman_id": "f1130f89-53ce-4a73-a343-936193917f56",
		"name": "Region",
		"schema": "https://schema.getpostman.com/json/collection/v2.1.0/collection.json"
	},
	"item": [
		{
			"name": "POST /v1/lookups/regions",
			"request": {
				"method": "POST",
				"header": [
					{
						"key": "Content-Type",
						"value": "application/x-www-form-urlencoded"
					}
				],
				"body": {
					"mode": "urlencoded",
					"urlencoded": [
						{
							"key": "country_id",
							"value": "",
							"description": "",
							"type": "text"
						},
						{
							"key": "code",
							"value": "",
							"description": "",
							"type": "text"
						},
						{
							"key": "name",
							"value": "",
							"description": "",
							"type": "text"
						}
					]
				},
				"url": {
					"raw": "http://localhost:3000/v1/lookups/regions",
					"protocol": "http",
					"host": [
						"localhost"
					],
					"port": "3000",
					"path": [
						"v1",
						"lookups",
						"regions"
					]
				}
			},
			"response": []
		},
		{
			"name": "PUT /v1/lookups/regions/:id",
			"request": {
				"method": "PUT",
				"header": [
					{
						"key": "Content-Type",
						"value": "application/x-www-form-urlencoded"
					}
				],
				"body": {
					"mode": "urlencoded",
					"urlencoded": [
						{
							"key": "code",
							"value": "",
							"description": "",
							"type": "text"
						},
						{
							"key": "name",
							"value": "",
							"description": "",
							"type": "text"
						},
						{
							"key": "country_id",
							"value": "",
							"description": "",
							"type": "text"
						}
					]
				},
				"url": {
					"raw": "http://localhost:3000/v1/lookups/regions/:id",
					"protocol": "http",
					"host": [
						"localhost"
					],
					"port": "3000",
					"path": [
						"v1",
						"lookups",
						"regions",
						":id"
					],
					"variable": [
						{
							"key": "id",
							"value": ""
						}
					]
				}
			},
			"response": []
		},
		{
			"name": "POST /v1/lookups/regions/:id/deactivate",
			"request": {
				"method": "POST",
				"header": [],
				"body": {},
				"url": {
					"raw": "http://localhost:3000/v1/lookups/regions/:id/deactivate",
					"protocol": "http",
					"host": [
						"localhost"
					],
					"port": "3000",
					"path": [
						"v1",
						"lookups",
						"regions",
						":id",
						"deactivate"
					],
					"variable": [
						{
							"key": "id",
							"value": ""
						}
					]
				}
			},
			"response": []
		},
		{
			"name": "POST /v1/lookups/regions/:id/reactivate",
			"request": {
				"method": "POST",
				"header": [],
				"body": {},
				"url": {
					"raw": "http://localhost:3000/v1/lookups/regions/:id/reactivate",
					"protocol": "http",
					"host": [
						"localhost"
					],
					"port": "3000",
					"path": [
						"v1",
						"lookups",
						"regions",
						":id",
						"reactivate"
					],
					"variable": [
						{
							"key": "id",
							"value": ""
						}
					]
				}
			},
			"response": []
		},
		{
			"name": "GET /v1/lookups/regions/search",
			"request": {
				"method": "GET",
				"header": [],
				"body": {},
				"url": {
					"raw": "http://localhost:3000/v1/lookups/regions/search",
					"protocol": "http",
					"host": [
						"localhost"
					],
					"port": "3000",
					"path": [
						"v1",
						"lookups",
						"regions",
						"search"
					]
				}
			},
			"response": []
		},
		{
			"name": "GET /v1/lookups/regions",
			"request": {
				"method": "GET",
				"header": [],
				"body": {},
				"url": {
					"raw": "http://localhost:3000/v1/lookups/regions",
					"protocol": "http",
					"host": [
						"localhost"
					],
					"port": "3000",
					"path": [
						"v1",
						"lookups",
						"regions"
					]
				}
			},
			"response": []
		},
		{
			"name": "GET /v1/lookups/regions/:id",
			"request": {
				"method": "GET",
				"header": [],
				"body": {},
				"url": {
					"raw": "http://localhost:3000/v1/lookups/regions/:id",
					"protocol": "http",
					"host": [
						"localhost"
					],
					"port": "3000",
					"path": [
						"v1",
						"lookups",
						"regions",
						":id"
					],
					"variable": [
						{
							"key": "id",
							"value": ""
						}
					]
				}
			},
			"response": []
		}
	]
}