{
	"info": {
		"_postman_id": "df3263ec-d21c-4687-a2b9-8bfaef590935",
		"name": "SubDistricts",
		"schema": "https://schema.getpostman.com/json/collection/v2.1.0/collection.json"
	},
	"item": [
		{
			"name": "POST /sub-districts/:id/deactivate",
			"request": {
				"method": "POST",
				"header": [
					{
						"key": "Content-Type",
						"value": "application/x-www-form-urlencoded"
					}
				],
				"body": {},
				"url": {
					"raw": "http://localhost:3000/v1/lookups/sub-districts/:id/deactivate",
					"protocol": "http",
					"host": [
						"localhost"
					],
					"port": "3000",
					"path": [
						"v1",
						"lookups",
						"sub-districts",
						":id",
						"deactivate"
					],
					"variable": [
						{
							"key": "id",
							"value": ""
						}
					]
				}
			},
			"response": []
		},
		{
			"name": "POST /sub-districts/",
			"request": {
				"method": "POST",
				"header": [
					{
						"key": "Content-Type",
						"value": "application/x-www-form-urlencoded"
					}
				],
				"body": {
					"mode": "urlencoded",
					"urlencoded": [
						{
							"key": "district_id",
							"value": "d1",
							"description": "",
							"type": "text"
						},
						{
							"key": "code",
							"value": "Hal",
							"description": "",
							"type": "text"
						},
						{
							"key": "name",
							"value": "hahahaha",
							"description": "",
							"type": "text"
						}
					]
				},
				"url": {
					"raw": "http://localhost:3000/v1/lookups/sub-districts/",
					"protocol": "http",
					"host": [
						"localhost"
					],
					"port": "3000",
					"path": [
						"v1",
						"lookups",
						"sub-districts",
						""
					]
				}
			},
			"response": []
		},
		{
			"name": "GET /sub-districts/",
			"request": {
				"method": "GET",
				"header": [
					{
						"key": "Content-Type",
						"value": "application/x-www-form-urlencoded"
					}
				],
				"body": {
					"mode": "urlencoded",
					"urlencoded": [
						{
							"key": "district_id",
							"value": "d1",
							"description": "",
							"type": "text"
						},
						{
							"key": "code",
							"value": "Hal",
							"description": "",
							"type": "text"
						},
						{
							"key": "name",
							"value": "hahahaha",
							"description": "",
							"type": "text"
						}
					]
				},
				"url": {
					"raw": "http://localhost:3000/v1/lookups/sub-districts/",
					"protocol": "http",
					"host": [
						"localhost"
					],
					"port": "3000",
					"path": [
						"v1",
						"lookups",
						"sub-districts",
						""
					]
				}
			},
			"response": []
		},
		{
			"name": "POST /sub-districts/:id/reactivate",
			"request": {
				"method": "POST",
				"header": [
					{
						"key": "Content-Type",
						"value": "application/x-www-form-urlencoded"
					}
				],
				"body": {},
				"url": {
					"raw": "http://localhost:3000/v1/lookups/sub-districts/:id/reactivate",
					"protocol": "http",
					"host": [
						"localhost"
					],
					"port": "3000",
					"path": [
						"v1",
						"lookups",
						"sub-districts",
						":id",
						"reactivate"
					],
					"variable": [
						{
							"key": "id",
							"value": ""
						}
					]
				}
			},
			"response": []
		},
		{
			"name": "PUT /sub-districts/:id",
			"request": {
				"method": "PUT",
				"header": [
					{
						"key": "Content-Type",
						"value": "application/x-www-form-urlencoded"
					}
				],
				"body": {
					"mode": "urlencoded",
					"urlencoded": [
						{
							"key": "district_id",
							"value": "d1",
							"description": "",
							"type": "text"
						},
						{
							"key": "code",
							"value": "Hal",
							"description": "",
							"type": "text"
						},
						{
							"key": "name",
							"value": "hahahaha",
							"description": "",
							"type": "text"
						}
					]
				},
				"url": {
					"raw": "http://localhost:3000/v1/lookups/sub-districts/:id",
					"protocol": "http",
					"host": [
						"localhost"
					],
					"port": "3000",
					"path": [
						"v1",
						"lookups",
						"sub-districts",
						":id"
					],
					"variable": [
						{
							"key": "id",
							"value": ""
						}
					]
				}
			},
			"response": []
		},
		{
			"name": "GET /sub-districts/:id",
			"request": {
				"method": "GET",
				"header": [
					{
						"key": "Content-Type",
						"value": "application/x-www-form-urlencoded"
					}
				],
				"body": {
					"mode": "urlencoded",
					"urlencoded": [
						{
							"key": "district_id",
							"value": "d1",
							"description": "",
							"type": "text"
						},
						{
							"key": "code",
							"value": "Hal",
							"description": "",
							"type": "text"
						},
						{
							"key": "name",
							"value": "hahahaha",
							"description": "",
							"type": "text"
						}
					]
				},
				"url": {
					"raw": "http://localhost:3000/v1/lookups/sub-districts/:id",
					"protocol": "http",
					"host": [
						"localhost"
					],
					"port": "3000",
					"path": [
						"v1",
						"lookups",
						"sub-districts",
						":id"
					],
					"variable": [
						{
							"key": "id",
							"value": ""
						}
					]
				}
			},
			"response": []
		},
		{
			"name": "GET /sub-districts/search",
			"request": {
				"method": "GET",
				"header": [
					{
						"key": "Content-Type",
						"value": "application/x-www-form-urlencoded"
					}
				],
				"body": {
					"mode": "urlencoded",
					"urlencoded": [
						{
							"key": "district_id",
							"value": "d1",
							"description": "",
							"type": "text"
						},
						{
							"key": "code",
							"value": "Hal",
							"description": "",
							"type": "text"
						},
						{
							"key": "name",
							"value": "hahahaha",
							"description": "",
							"type": "text"
						}
					]
				},
				"url": {
					"raw": "http://localhost:3000/v1/lookups/sub-districts/search?",
					"protocol": "http",
					"host": [
						"localhost"
					],
					"port": "3000",
					"path": [
						"v1",
						"lookups",
						"sub-districts",
						"search"
					],
					"query": [
						{
							"key": "district_id",
							"value": null,
							"disabled": true
						},
						{
							"key": "code",
							"value": null,
							"disabled": true
						},
						{
							"key": "name",
							"value": null,
							"disabled": true
						}
					]
				}
			},
			"response": []
		}
	]
}