{
	"variables": [],
	"info": {
		"name": "Zone",
		"_postman_id": "dffb6514-8d3f-bb56-be34-7b99d7b3078f",
		"description": "",
		"schema": "https://schema.getpostman.com/json/collection/v2.0.0/collection.json"
	},
	"item": [
		{
			"name": "GET /zones",
			"request": {
				"url": "http://localhost:3000/v1/zones",
				"method": "GET",
				"header": [],
				"body": {},
				"description": ""
			},
			"response": []
		},
		{
			"name": "POST /zones",
			"request": {
				"url": "http://localhost:3000/v1/zones",
				"method": "POST",
				"header": [
					{
						"key": "Content-Type",
						"value": "application/x-www-form-urlencoded",
						"description": ""
					}
				],
				"body": {
					"mode": "urlencoded",
					"urlencoded": [
						{
							"key": "code",
							"value": "",
							"description": "",
							"type": "text"
						},
						{
							"key": "distribution_center_id",
							"value": "",
							"description": "",
							"type": "text"
						},
						{
							"key": "name",
							"value": "",
							"description": "",
							"type": "text"
						},
						{
							"key": "address",
							"value": "",
							"description": "",
							"type": "text"
						},
						{
							"key": "country",
							"value": "",
							"description": "",
							"type": "text"
						},
						{
							"key": "region",
							"value": "",
							"description": "",
							"type": "text"
						},
						{
							"key": "province",
							"value": "",
							"description": "",
							"type": "text"
						},
						{
							"key": "district",
							"value": "",
							"description": "",
							"type": "text"
						},
						{
							"key": "sub_district",
							"value": "",
							"description": "",
							"type": "text"
						},
						{
							"key": "barangay",
							"value": "",
							"description": "",
							"type": "text"
						}
					]
				},
				"description": ""
			},
			"response": []
		},
		{
			"name": "GET /zones/:id",
			"request": {
				"url": {
					"raw": "http://localhost:3000/v1/zones/:id",
					"protocol": "http",
					"host": [
						"localhost"
					],
					"port": "3000",
					"path": [
						"v1",
						"zones",
						":id"
					],
					"query": [],
					"variable": [
						{
							"key": "id",
							"value": ""
						}
					]
				},
				"method": "GET",
				"header": [],
				"body": {},
				"description": ""
			},
			"response": []
		},
		{
			"name": "GET /zones/search",
			"request": {
				"url": {
					"raw": "http://localhost:3000/v1/zones/search?id&distribution_center_id&name&address&country&region&province&district&sub_district&barangay",
					"protocol": "http",
					"host": [
						"localhost"
					],
					"port": "3000",
					"path": [
						"v1",
						"zones",
						"search"
					],
					"query": [
						{
							"key": "id",
							"value": "",
							"equals": false,
							"description": ""
						},
						{
							"key": "distribution_center_id",
							"value": "",
							"equals": false,
							"description": ""
						},
						{
							"key": "name",
							"value": "",
							"equals": false,
							"description": ""
						},
						{
							"key": "address",
							"value": "",
							"equals": false,
							"description": ""
						},
						{
							"key": "country",
							"value": "",
							"equals": false,
							"description": ""
						},
						{
							"key": "region",
							"value": "",
							"equals": false,
							"description": ""
						},
						{
							"key": "province",
							"value": "",
							"equals": false,
							"description": ""
						},
						{
							"key": "district",
							"value": "",
							"equals": false,
							"description": ""
						},
						{
							"key": "sub_district",
							"value": "",
							"equals": false,
							"description": ""
						},
						{
							"key": "barangay",
							"value": "",
							"equals": false,
							"description": ""
						}
					],
					"variable": []
				},
				"method": "GET",
				"header": [],
				"body": {},
				"description": ""
			},
			"response": []
		},
		{
			"name": "PUT /zones/:id",
			"request": {
				"url": {
					"raw": "http://localhost:3000/v1/zones/:id",
					"protocol": "http",
					"host": [
						"localhost"
					],
					"port": "3000",
					"path": [
						"v1",
						"zones",
						":id"
					],
					"query": [],
					"variable": [
						{
							"key": "id",
							"value": ""
						}
					]
				},
				"method": "PUT",
				"header": [
					{
						"key": "Content-Type",
						"value": "application/x-www-form-urlencoded",
						"description": ""
					}
				],
				"body": {
					"mode": "urlencoded",
					"urlencoded": [
						{
							"key": "code",
							"value": "",
							"description": "",
							"type": "text"
						},
						{
							"key": "distribution_center_id",
							"value": "",
							"description": "",
							"type": "text"
						},
						{
							"key": "name",
							"value": "",
							"description": "",
							"type": "text"
						},
						{
							"key": "address",
							"value": "",
							"description": "",
							"type": "text"
						},
						{
							"key": "country",
							"value": "",
							"description": "",
							"type": "text"
						},
						{
							"key": "region",
							"value": "",
							"description": "",
							"type": "text"
						},
						{
							"key": "province",
							"value": "",
							"description": "",
							"type": "text"
						},
						{
							"key": "district",
							"value": "",
							"description": "",
							"type": "text"
						},
						{
							"key": "sub_district",
							"value": "",
							"description": "",
							"type": "text"
						},
						{
							"key": "barangay",
							"value": "",
							"description": "",
							"type": "text"
						}
					]
				},
				"description": ""
			},
			"response": []
		},
		{
			"name": "POST /zones/:id/deactivate",
			"request": {
				"url": {
					"raw": "http://localhost:3000/v1/zones/:id/deactivate",
					"protocol": "http",
					"host": [
						"localhost"
					],
					"port": "3000",
					"path": [
						"v1",
						"zones",
						":id",
						"deactivate"
					],
					"query": [],
					"variable": [
						{
							"key": "id",
							"value": ""
						}
					]
				},
				"method": "POST",
				"header": [],
				"body": {},
				"description": ""
			},
			"response": []
		},
		{
			"name": "POST /zones/:id/reactivate",
			"request": {
				"url": {
					"raw": "http://localhost:3000/v1/zones/:id/reactivate",
					"protocol": "http",
					"host": [
						"localhost"
					],
					"port": "3000",
					"path": [
						"v1",
						"zones",
						":id",
						"reactivate"
					],
					"query": [],
					"variable": [
						{
							"key": "id",
							"value": ""
						}
					]
				},
				"method": "POST",
				"header": [],
				"body": {},
				"description": ""
			},
			"response": []
		}
	]
}
